"image","xmin","ymin","xmax","ymax","label"
"jeremija.png",0,20.77922077922078,266.20427680565894,320,"Jeremija"
"sef_i_brok.png",0,27.01298701298701,211.1521546909903,320,"Sef"
"sef_i_brok.png",167.52594471332836,78.96103896103895,362.4589305658972,320,"Brok"